id,treatment,date,min5_interval,0.05,0.25,0.5,0.75,0.95
113,C,20220224,4,10.702340220330498,10.769820535313013,10.90242663752441,10.929814619382217,11.52528065886067
113,C,20220224,5,10.465092264083253,10.503786024063505,10.544520786239586,10.642064995595856,13.248667028910024
113,C,20220224,6,9.947007872572696,10.08058532416467,10.43438162585967,11.12121144679719,11.211731723961524
113,C,20220224,7,8.790758216389754,8.847037709391682,9.424374050840598,10.45622738531185,11.029827371319605
113,C,20220224,8,9.013583699327642,9.146213725464767,10.21359852485111,10.236006063785375,12.357110693469528
113,C,20220224,9,5.981177898798041,6.044705997239247,6.158097536494791,6.210892118896144,8.331252556763594
113,C,20220224,11,7.411466096906509,10.962812059082907,10.994089098980863,11.568229895751431,11.593190229679838
113,C,20220224,12,10.231423665394052,10.356945075423239,10.401378629410196,11.02564359700366,11.541920542003115
113,C,20220224,13,10.176865735037335,10.365117937547875,10.655824271530129,10.731830628460054,10.852851504448203
113,C,20220224,14,9.355590896220107,10.530276747127031,11.202464192554904,11.25829942511589,11.326839399023386
113,C,20220224,15,7.4896858299636815,7.536234411727692,7.650347918569314,7.890242049225732,8.595486273963282
113,C,20220224,16,8.595636437101877,8.745391525923269,9.440576528564343,9.467648055594658,12.798054561018853
113,C,20220224,18,2.6107653350208153,10.74117623162591,10.803934024095357,10.831116801657123,10.856483007275914
113,C,20220224,19,8.486154418209658,8.522076250826029,11.630583803077528,11.770747994372886,11.894234220598236
113,C,20220224,20,7.138232046262322,8.083591280330431,8.8232404764749,9.29569688836099,9.355358218295677
113,C,20220224,21,7.147101444533836,7.181596069238963,7.324170742738124,7.519108916880881,9.579580292760017
113,C,20220224,22,8.161775702179542,8.29538279669856,8.922518675329002,9.210818151929642,10.374337652036942
113,C,20220224,23,6.907778217520412,6.958723586752428,8.033843576174437,8.335948413138645,8.486872990413287
113,C,20220224,24,9.433551719432336,9.451371053799342,9.455280360275676,9.459118620691347,9.461125252409452
113,C,20220224,25,2.4641653347658097,2.4641653347658097,2.4641653347658097,2.4641653347658097,2.4641653347658097
113,C,20220224,26,9.859062270272565,10.329893699371087,10.43560292200366,10.96048304744233,11.293207254910623
113,C,20220224,27,8.8730804745108,8.946797960419671,9.246664138449502,9.371828539463909,9.581835921715992
113,C,20220224,28,6.8651533676521606,6.890332939282686,8.204770671028593,9.488208163068208,9.559238965177112
113,C,20220224,29,6.8466266550886274,7.046171933336558,7.174091560812677,7.286295792668006,7.475858081000043
113,C,20220224,30,6.6523148802177925,6.749869032921309,7.946281508628207,8.02937153974009,8.076962168979305
113,C,20220224,31,6.739107503187817,6.784904129782913,7.231422839852294,7.703736541980302,7.762060627348173
119,C,20220302,4,4.914955530760977,5.038267431704041,5.135128681293951,5.160953536064577,5.181203266473926
119,C,20220302,5,4.733524180399251,4.862228765415206,4.960029708759681,5.097787555534518,5.135109863597347
119,C,20220302,6,4.04657336693646,4.090600849110203,4.134157682118252,4.352264013479904,4.66349569237732
119,C,20220302,7,3.6772960113233353,3.8191190807335618,3.861251345708175,3.885841830694758,3.908018010299852
119,C,20220302,8,3.479674252837831,3.5651204702506742,3.6197642589767485,3.670244529727258,3.726658604846605
119,C,20220302,9,3.416191145978015,3.447312537375802,3.5261789639924874,3.5698686113695013,3.6114396914839206
119,C,20220302,11,3.993426049043199,4.524027145104465,4.940553830960408,5.048135587373665,5.1735419783535965
119,C,20220302,12,4.869831238860028,5.0495229492244675,5.209349359553608,5.256562056148594,5.304966831332547
119,C,20220302,13,3.957248438319405,4.205740654540323,4.277851207348989,4.358901887299134,4.72701040232538
119,C,20220302,14,3.231516437001472,3.274219573024263,3.322520565464735,3.4607377058405424,3.604514190589541
119,C,20220302,15,3.7057692542029907,4.050506900135465,4.1443780458700825,4.254928386935565,4.313388919556646
119,C,20220302,16,3.6074068437145406,3.71849231798121,3.808632167992309,3.857545603668472,4.00846918192937
119,C,20220302,17,3.6633250728918147,3.669418711086965,3.677464023668569,3.688765780839313,3.691936992257891
119,C,20220302,18,1.9622232501191488,4.311642222199619,4.330383079321344,4.359731054291169,4.378742875837524
119,C,20220302,19,4.651777327329114,4.797821746780554,4.886284088631922,4.9702007388236895,4.992839974975274
119,C,20220302,20,4.446288447430919,4.563141275834101,4.858312495112326,4.924629022988679,4.97873284114148
119,C,20220302,21,3.8175555335188918,4.151586732101899,4.309152862115199,4.355948423841827,4.3887179917054375
119,C,20220302,22,2.636094456308332,2.7631267954459044,3.0680034703084225,3.4200640276024514,3.671876656779455
119,C,20220302,23,2.469759781332116,2.586721013695306,2.6702139934922737,2.7312593394176194,2.8867077100269367
119,C,20220302,24,2.2101630127434344,2.234336660294011,2.274383231994028,2.3289108353596646,2.4282938489245596
119,C,20220302,25,0.6971653544010403,0.7179644279777586,0.7446764016022073,0.7749218161427563,0.7980987765939827
119,C,20220302,26,4.469907654216533,4.727674046443221,4.98968364293864,5.179592292533437,5.2732942268871135
119,C,20220302,27,5.099155691927216,5.151950498257275,5.252514585418192,5.287450947819162,5.328285594790318
119,C,20220302,28,4.573021260960589,4.704976638682396,4.777000087581296,4.890726827905423,4.960633698989095
119,C,20220302,29,3.8988935686176154,4.224606489752894,4.363453881958811,4.724196533585868,4.75674386817512
119,C,20220302,30,3.474449850706499,3.6288359743003618,3.798805703908754,3.9306379345818767,4.053441219008441
119,C,20220302,31,3.0910517335792655,3.1851641144664558,3.333925102629575,3.403461378619121,3.4233621382678834
132,MT,20220315,4,3.7429327359746307,3.7922878331316605,3.8049535833034236,3.8355832490875366,3.845521651891599
132,MT,20220315,5,3.626177902226299,3.7914436916570815,3.877107293608125,3.934321769358739,3.9554748019717496
132,MT,20220315,6,3.3974513492943417,3.503953901731838,3.6303747649358042,3.6857747978267854,3.868725317466151
132,MT,20220315,7,3.518579202819369,3.675816457051012,3.76565492817105,3.822089576729221,3.9429033273344913
132,MT,20220315,8,2.7727192757607093,2.80341197643563,3.082992168458726,3.304413989390408,3.515655729119402
132,MT,20220315,9,2.2770673856250316,2.357665898286333,2.4920077008281885,2.646358102381397,2.7290828539101453
132,MT,20220315,10,2.3279997512732185,2.36115631260265,2.3856196281836763,2.4193365673180676,2.4302868499688466
132,MT,20220315,11,0.6974601051197329,0.7237979001994845,0.7555516339126589,0.7886708859587768,0.8181759127366645
132,MT,20220315,12,2.956741141295855,3.0789942753244857,3.143410291837573,3.1573969533055295,3.202583233756162
132,MT,20220315,13,2.5950501669605304,2.6447629387000435,2.737432892030162,3.1541763709223614,3.182056445723976
132,MT,20220315,14,2.1487412908471297,2.321761222619792,2.4473994505857792,2.730610725222648,2.832260773211423
132,MT,20220315,15,2.092953792513282,2.8230967357807315,2.9374875336578596,3.009671784767876,3.128535017160375
132,MT,20220315,16,1.8474053295286896,1.9217126146116297,2.2423383668617713,2.425884201040784,2.781851384237551
132,MT,20220315,17,1.5633275114269023,1.6612090887593571,1.7425431718656812,1.7964475950407057,1.8788520285539227
132,MT,20220315,18,0.41753136749770925,0.4476126735822646,0.4911154515330371,0.5384039192175749,0.5790255192933143
132,MT,20220315,19,3.9430266133831715,4.035399440176188,4.1588020383238264,4.207596342965787,4.237989127746761
132,MT,20220315,20,3.0947049621806375,3.243759546244145,3.550492585413495,3.6816062204730526,3.8134684489057102
132,MT,20220315,21,2.5316100811760425,2.870709864369254,3.021045863091114,3.0542960686976386,3.116273341862134
132,MT,20220315,22,1.9544355749997784,2.105722628864772,2.240686121230195,2.3073353942016146,2.458430640805001
132,MT,20220315,23,1.3070449611896453,1.4156542269495902,1.5481452243327474,1.6701697901882058,1.9471182898783537
132,MT,20220315,24,1.2260117744396801,1.2495631170256407,1.2812490263967848,1.3172369117418843,1.3526933354787172
132,MT,20220315,26,3.30628723206862,3.4300537726818403,3.970220237954897,3.986098865051774,4.003333646674575
132,MT,20220315,27,3.4925935983376997,3.597370882527157,3.924869762013305,4.023755777787515,4.047485192530453
132,MT,20220315,28,2.6887521673459065,2.83278325455447,3.0867435952652045,3.3337004553064102,3.397871679331039
132,MT,20220315,29,2.4717690408038875,2.551980054256541,2.8025989123003265,2.9223000890256245,2.981986133527697
132,MT,20220315,30,2.2808850037197694,2.3228250130889037,2.4796057705008865,2.549376062629302,2.627354043304819
132,MT,20220315,31,2.1192522997887107,2.205806393341552,2.2813629392184964,2.2972855289009755,2.313812177746578
148,MT,20220321,5,2.507871974644417,2.638976210553174,2.839034329217652,3.0851140133699695,3.116902577373914
148,MT,20220321,6,3.4663903686454174,3.6072465783759355,3.7992403663605634,3.895849017241965,4.577174937699317
148,MT,20220321,7,2.791749732859591,3.031997931835288,3.4341567050284136,3.8616411183415558,3.9121175113377866
148,MT,20220321,8,1.930955799445481,2.1491628024004585,2.4620883542196164,2.6645156279718485,3.0718568821057355
148,MT,20220321,9,0.9159880545277701,1.01676213215749,1.1880358166138891,1.432580543622799,1.7740854464969273
148,MT,20220321,10,2.828263973062986,2.8444733093540746,2.846177275673284,2.8502918394642243,2.854518610343675
148,MT,20220321,11,0.29398123203741455,0.30336292577689455,0.3160738098448125,0.3295690167189569,0.3408330851933805
148,MT,20220321,12,3.1697683006081094,3.386853265284234,3.633014830213755,3.9366106760067696,4.0170379601638215
148,MT,20220321,13,2.3813106635212513,2.4892981872131505,2.743850405299053,2.9291675059778415,3.0801227660650956
148,MT,20220321,14,2.3980629106474742,3.2078499339202917,3.277487592188222,3.339301050305472,3.49847042310546
148,MT,20220321,15,2.073689960135827,2.2517818430220222,2.7310537558223027,2.867790678323396,2.8990617371668987
148,MT,20220321,16,1.8952141468384252,2.0794031741106664,2.3428775137565494,2.392052157825587,3.4115033637717747
148,MT,20220321,17,1.8143597157660407,1.832919127455091,1.8442820868667582,1.8545158218676852,1.8629724472444051
148,MT,20220321,19,3.0719354779568313,3.1161251537534644,3.167402104933586,3.2140563681324985,3.400479109683278
148,MT,20220321,20,3.3332409727088,3.3853963067847745,3.465257198042263,3.5315100133091906,3.635161952498315
148,MT,20220321,21,2.894120103069165,3.1906918872077092,3.4001392212892556,3.4477070223607718,3.479554210204175
148,MT,20220321,22,2.2286439127651727,2.523844051764324,2.733202351671725,2.77664671762561,2.8591460291765625
148,MT,20220321,23,1.9052026606106258,1.994330234758968,2.097378696893347,2.1594684546012215,2.2064841156493302
148,MT,20220321,24,1.566833021268148,1.6553969146441436,1.7511729926795416,1.8731860093848187,1.9412250096693937
148,MT,20220321,26,2.9431628703049495,3.006690148991493,3.0286254631310667,3.0897115853208263,3.212922125579984
148,MT,20220321,27,3.2523959646557836,3.344265395518754,3.5216107273239228,3.5944069533730714,3.9446076980498166
148,MT,20220321,28,3.07434078937663,3.0982771040052075,3.206310002293537,3.3156019327421533,3.442721911300708
148,MT,20220321,29,3.342078159269627,3.3664383556201254,3.7230954234312037,3.8306142487127994,4.350637600965065
148,MT,20220321,30,2.6043365325611663,2.8266398214655806,3.005696916684966,3.0909797434302146,3.189418335582835
148,MT,20220321,31,2.108530424019004,2.19059085847949,2.280328012378988,2.5010550207356483,2.6428573461888596
47,MT,20220323,5,2.1547532302341277,2.2268488671979374,2.344231785179474,2.3841073227194363,2.4193365313062047
47,MT,20220323,6,2.084987759072492,2.1177238372654674,2.149049885541086,2.6577797116836863,2.7535002765048118
47,MT,20220323,7,3.3144431945873865,3.5719402108562193,3.6399521044262655,3.658004405509778,3.6984946963905667
47,MT,20220323,8,3.3200975762978144,3.4652055203357657,3.5443767323230286,3.6566020222098174,3.706959425092376
47,MT,20220323,9,2.857610958476665,2.921645230843973,3.073104134579171,3.2253114570130976,3.2679495704983452
47,MT,20220323,10,2.658980273418322,2.7584914595032,2.815221631257817,2.887801333864121,2.9078324623431095
47,MT,20220323,11,0.5985661185966383,0.6162294763745674,0.6391540856357606,0.6632437559564822,0.6837032602772795
47,MT,20220323,12,3.6863127876764175,3.9412910895766133,4.218296934620122,4.28604467424931,4.330089200467281
47,MT,20220323,13,4.0528094469849245,4.094793642772431,4.341263692541971,4.406629051913325,4.451541076978232
47,MT,20220323,14,3.565193670056322,3.6912686548912985,3.811325245730278,3.881663304111676,3.9876960116065217
47,MT,20220323,15,2.5738490968691607,2.876551777420449,3.0409221908015116,3.209364282296219,3.415026388680742
47,MT,20220323,16,1.7229930371579412,1.843814899721267,1.9622426765918113,2.1852358994458907,2.3942898726329482
47,MT,20220323,17,1.6483711057372203,1.6845955836838282,1.7203318160697674,1.750254832826977,1.7793265829481077
47,MT,20220323,19,2.577207600861791,2.7129120973376084,3.003109503492112,3.4634686576570433,3.6638409222832715
47,MT,20220323,20,3.544093841246131,3.5664092873928857,3.584574615646157,3.6524724982355385,3.668260991752208
47,MT,20220323,21,2.6823627016030986,2.8945951562310435,3.051322588326861,3.261906866720839,3.4393020391053195
47,MT,20220323,22,1.673647138056752,1.8958968469139195,2.067903662110952,2.3829018890574876,2.5660582816824955
47,MT,20220323,23,1.506618106320199,1.5696564587279351,1.6215306534908467,1.7137033825012253,1.7458670836133403
47,MT,20220323,24,1.5635823895834537,1.6151227720955366,1.9878915599978444,2.285070778027762,2.413048285178664
47,MT,20220323,26,3.3261463808815015,3.369361531151714,3.4917264835226067,3.570900256595407,3.6038374279002765
47,MT,20220323,27,3.5828563306009396,3.6405057299249175,3.7707343052966666,3.8216446590400577,3.8812353390666723
47,MT,20220323,28,2.8436334900340277,3.0002885216481334,3.2881694751423467,3.3658365275078372,3.594666991504802
47,MT,20220323,29,2.1524747751073297,2.3133982796570836,2.490610702587814,2.7885301021701814,2.84670628828593
47,MT,20220323,30,1.9545899311187913,1.9784184136682583,2.1524750500806578,2.700164954886311,2.8220971165230777
47,MT,20220323,31,2.1522476335829386,2.3261678685688354,2.5307282425378665,2.6522204849505897,2.7290067160745872
64,C,20220309,2,9.187991389718093,9.23395251170674,9.268331580909322,9.352289365020333,9.409317994818213
64,C,20220309,3,6.957739037016107,7.139564627077224,7.666150436174907,8.487731591458761,8.624230395724569
64,C,20220309,4,6.317554621533626,6.504475661598995,6.657080091894037,6.870877882461311,6.952779960575874
64,C,20220309,5,5.054005589963258,5.1942104904849575,6.458077222901622,6.6719696020573185,6.786505438575569
64,C,20220309,6,3.319676607141673,3.499127038765912,3.664225505583939,4.253509818205786,4.368128609111879
64,C,20220309,7,2.7924258349268483,2.8770508088706506,3.0163233127072004,3.047085139702164,3.2164822110921216
64,C,20220309,9,3.9781315321617226,4.025245547657396,4.114465752835524,4.151508776191654,4.2117525571119625
64,C,20220309,10,4.212465297682168,4.24982404261768,4.30161517773505,4.347518298422992,4.431968558595683
64,C,20220309,11,3.359708369766783,3.6300403421321548,3.894339101441073,4.075790218335895,4.443056855774666
64,C,20220309,12,2.2091155529795174,2.4872369048255023,2.679618234051122,3.040501318866654,3.2386706942898327
64,C,20220309,13,1.299425495810387,1.3657811637028883,1.5923340763160385,1.936818942940167,2.136438104581126
64,C,20220309,14,1.2905746838974779,1.3043167699600349,1.3815611083789094,1.6159267271163635,1.6489073864841997
64,C,20220309,15,1.3439969705209025,1.3491202696784066,1.3635855064225462,1.389143516055263,1.4012278793811446
64,C,20220309,16,0.5593299967178633,2.879590930737,2.9880806617208555,3.0375367173930767,3.0790104788848094
64,C,20220309,17,2.949220480019384,3.0461516765898144,3.0857854000787155,3.126071150285665,3.1612347640161707
64,C,20220309,18,2.9613363172784406,3.0646861243568724,3.232004618951695,3.3553173694807934,3.4974245786259224
64,C,20220309,19,2.0691869129460696,2.1966636544416023,2.447009659692119,2.734086803061828,2.904797139105735
64,C,20220309,20,1.7158563809356417,1.8457511888771643,2.042041029670352,2.10552361788772,2.142820684121307
64,C,20220309,21,1.4621260046796205,1.5125568928599293,1.53908106259752,1.5559199242950115,1.6436523783548418
64,C,20220309,22,1.5644775915028228,1.589165093988035,1.6274097453217804,1.6498888843592283,1.654834028043859
64,C,20220309,23,0.575783361291121,0.6172564635206755,0.6680174207686956,0.7167881435678984,0.7594246409745228
64,C,20220309,24,3.3725005596132096,3.457605042686529,3.4828030019592475,3.5438938690470625,3.562286880301286
64,C,20220309,25,2.607621239307605,2.974024424554104,3.1532034143440852,3.2544043259373416,3.5292286046865273
64,C,20220309,26,2.4725762411393797,2.5300239628101684,2.7248445959714553,2.8703129515200207,3.0178437100782523
64,C,20220309,27,1.3162035149924511,1.5695491666305115,1.9409467991225635,2.0632229024497883,2.3418531677557994
64,C,20220309,28,1.6213468051387143,1.6758395777623796,1.911958831292155,2.121700823337343,2.2276192882163186
64,C,20220309,29,1.1938674216771386,1.272903908596248,1.4193977433923894,1.539402791769421,1.6002273730912489
64,C,20220309,30,0.4050347267335519,0.43089319150985395,0.4789613091825581,0.5374401473038326,0.5854426908715196
64,C,20220309,31,3.5613278987163484,3.646600683725031,3.9884072477478982,4.08181519505974,4.135035137027698
64,C,20220309,32,3.1326940981615756,3.149351570509134,3.2170910462396414,3.7996626993059737,3.9172856338603252
64,C,20220309,33,2.7732431698144975,2.9107263726119754,3.0468523834575008,3.1894852869972583,3.2659890833254006
64,C,20220309,34,2.3329132703518862,2.463369928633063,2.6119932056023747,2.6480713929557,2.6888428673814664
64,C,20220309,35,1.8459118370287433,1.9816887994381844,2.294637880958794,2.4017656496670607,2.4723521266356596
64,C,20220309,36,2.3686938031419897,2.4764711477271266,2.6218955636134207,2.7184274184594974,2.749993501321093
64,C,20220309,38,3.6287368301864618,3.776381266173731,3.97606556841796,4.080010080405616,4.12122074256073
64,C,20220309,39,3.814014026493825,3.883408355303682,3.994757199441583,4.054071741208617,4.184861568125624
64,C,20220309,40,3.438035447358551,3.5956913225625513,3.6831067460185283,3.764332393429772,3.805086080429101
64,C,20220309,41,2.3439993385256743,2.5979111684328724,2.8781788105284094,3.1660228588775436,3.3691822976727472
64,C,20220309,42,1.951087046036995,2.0434468975046034,2.269572711306386,2.3997959702842175,2.442281662108659
64,C,20220309,43,1.683886635855098,1.8440322560297644,1.895466002638658,1.9684841160490572,2.032212150044109
64,C,20220309,45,0.6767589855139577,2.902531509484913,2.959778358181125,2.9813090241535876,3.049702667909525
64,C,20220309,46,3.0818284451125884,3.194731702150169,3.637600682916187,3.826003687647755,3.9600750927312918
64,C,20220309,47,3.1930528189011365,3.336742659003814,3.3925760032560652,3.6231723501837627,3.6710730436243155
64,C,20220309,48,2.957181830355502,3.0585534043262803,3.217080165218386,3.470963985752301,3.6080707335219704
64,C,20220309,49,2.0598214473042002,2.2268031713546748,2.7929646527208267,3.0311511461616147,3.070322645084767
64,C,20220309,50,2.1241150430273827,2.287255072533453,2.9880756353354716,3.15414072245561,3.4077078365511166
64,C,20220309,51,3.466708604648029,3.4747671798342643,3.4863939919633236,3.5115769285641893,3.5172890777466463
64,C,20220309,52,1.1324270545727873,1.1733630522228125,1.7194560547863158,1.7766004050522541,1.846674894969537
64,C,20220309,53,1.927284967447104,2.0371739801529145,2.14752956190647,2.478824200492178,2.598738471292525
64,C,20220309,54,1.9755159796914874,2.0089017343842315,2.0838475563622145,2.2258571930044964,2.4596197511691655
64,C,20220309,55,2.344200546027941,2.5744066648901294,2.637072516991382,2.8790927312883055,3.090302686004031
64,C,20220309,56,2.702133331150032,2.814209167794898,2.8665316380702244,2.9152040115144295,2.9459232240218385
64,C,20220309,57,2.248861651875364,2.440100977757697,2.780403723576816,2.8953641567185002,2.9288763009793466
64,C,20220309,58,2.1615015846252352,2.2118203780005405,2.2561660897016997,2.271795348914054,2.288648457013444
64,C,20220309,59,0.6925142301651583,0.7218155563955035,0.7624613966267763,0.804995571035659,0.8385176241018099
64,C,20220309,60,4.361966581867911,4.402592724014552,4.462765006449203,4.499869063309822,4.556316638542088
64,C,20220309,61,3.1401032629114507,3.3866179365410938,3.696355724794774,4.1268606401202925,4.388285536096365
64,C,20220309,62,2.671167477741305,2.8150348615563114,2.9412164150070454,3.0834445985564503,3.1209360914834163
64,C,20220309,63,2.5103067242565498,2.6569145440058737,3.3001419969594963,3.382827537993045,3.410232870699497
64,C,20220309,64,3.2545344082333165,3.3673949432573442,3.523330198832082,3.6140079734825914,3.723701799418478
64,C,20220309,65,2.3769233328064376,2.443133786808877,2.7998089695812167,2.985908821112082,3.127320340281744
64,C,20220309,66,0.7027587706634244,0.7302517497425922,0.76611960283068,0.803680572364542,0.8352370309135679
64,C,20220309,67,3.881787691673317,3.978139438844798,4.165657706423037,4.320918209320479,4.417981973024949
64,C,20220309,68,3.4932583735900353,3.667013680060772,3.8387473610240583,3.964924313566187,4.218374626964167
64,C,20220309,69,2.76950711148551,2.9278492441205826,3.0032956685521754,3.2460168367989737,3.397876512304639
64,C,20220309,70,2.966823085474225,3.0448485681931814,3.140763796960563,3.844092085925762,3.8783796151694157
64,C,20220309,71,1.8294276401999154,1.9885954652978826,2.1768519439961347,2.257556400967211,2.316549077918957
64,C,20220309,72,1.7075183722121354,1.7664842225326998,1.9384399227987728,2.126871159915079,2.308855916037965
64,C,20220309,74,3.53072083876049,3.564492022330819,3.6081411766922766,3.860104589244409,3.9514712211157113
64,C,20220309,75,3.4787548503458146,3.7808407427474284,4.012752949079035,4.131436297046937,4.175078362820822
64,C,20220309,76,2.8803380801876832,2.99713834038332,3.194339194980049,3.324451536961798,4.294516172689447
64,C,20220309,77,2.8627715466294963,3.1429156779937193,3.8346346405492744,3.9611467481126033,4.018910886628241
64,C,20220309,78,2.0499892501150407,2.1469042352048975,2.3020495211857916,2.3697154517434806,2.688487341631944
64,C,20220309,79,2.187881163248225,2.6975296178530774,3.0748522218425727,3.5977959129188677,3.6661047067270762
67,MT,20220317,7,4.149342451481962,4.172688032477995,4.27808048951392,4.412345821391915,4.48255428744863
67,MT,20220317,8,3.0526033426289807,3.287549639382239,3.506477456416752,3.710890811520382,4.164114816277586
67,MT,20220317,9,1.7616224010012684,2.0431308601720786,2.2750721520209085,2.655978225153749,2.91826843196859
67,MT,20220317,10,1.285694945240029,1.4641571916115388,1.9465449471411327,2.043191954509667,2.22640156291122
67,MT,20220317,11,2.056449545158724,2.3196551498247193,2.389414225751918,2.4661624465145904,2.5755903373671005
67,MT,20220317,12,1.1717870146608966,1.3449020617361693,1.6059846046458766,1.8020892537267963,1.9711145474762546
67,MT,20220317,14,3.991856885705162,4.05117042494988,4.1917089634698765,4.2669991363545705,4.296908140449027
67,MT,20220317,15,3.074603587049139,3.1514734347737585,3.5168850134305165,3.7986190795051895,4.0003213786765786
67,MT,20220317,16,2.4654057690673983,2.6630597886776126,2.757518636008063,3.028088548031726,3.94972109706186
67,MT,20220317,17,2.447350127886071,2.6935551945191203,2.914660197072684,3.1462203835732296,3.9714099371035454
67,MT,20220317,18,1.3991379056050468,1.5780567335935038,1.8325528443725765,2.1060573341910636,2.281412126279742
67,MT,20220317,19,1.187751420248304,1.2228228875821867,1.2601813339430474,1.2871623221409454,1.3688211451444485
67,MT,20220317,21,3.1589843023501776,5.119823222845662,5.189859756552746,5.220355513051825,5.259890796112243
67,MT,20220317,22,4.066156182570388,4.278630477799551,4.5440279245733635,4.968778374270016,5.051993023276709
67,MT,20220317,23,2.400031239316021,2.8041940337415245,3.1897958782386953,3.469909711655504,3.9070648270262938
67,MT,20220317,24,1.537323453201807,1.6029380848658128,1.915527616812676,2.10782765168742,2.631524731493189
67,MT,20220317,25,2.6843927210636958,2.8792973499771453,3.040198235620369,3.486059235051748,3.6295822095966708
67,MT,20220317,26,2.222076996480426,2.4565023904376004,2.7052498551320654,3.067511777707817,3.243545113923167
67,MT,20220317,27,2.166515583500956,2.1671511339799805,2.1696150836372525,2.172421332034376,2.1736517268561375
67,MT,20220317,28,0.6610152062586105,3.9426182422509934,4.003626805582197,4.09119611899245,4.146157552978449
67,MT,20220317,29,4.16317881131708,4.217927507226703,4.266997670711639,4.43418141168484,4.5320160934310545
67,MT,20220317,30,3.578064798637954,3.740791842968459,4.057047582489501,4.417454618546245,4.4880829759441205
67,MT,20220317,31,3.3457961806201353,3.42533179052389,3.548652687353738,3.5749483136759443,3.636295776245937
67,MT,20220317,32,2.514187334978249,2.6119816355411345,2.950396240972974,3.0606129993182494,3.2971486298719612
67,MT,20220317,33,2.359081339879285,2.469842581086276,2.5267089252018256,2.601691508701244,2.6612131897538562
67,MT,20220317,34,2.249801213012972,2.254893910111303,2.2716769302752136,2.2910162333082202,2.3280997959196212
68,C,20220310,7,2.7443649486992068,2.8132496751971017,2.8727223312256323,3.005213379549013,3.616328860665306
68,C,20220310,8,1.691869081613288,1.927405639924264,2.2577591697618673,2.4545240738463847,2.6447188949294773
68,C,20220310,9,0.8015938771364886,1.0560065677006432,1.2402240293234925,1.5227694015872038,1.6056700729208881
68,C,20220310,10,1.030898116854407,1.0660317576419558,1.091381393126135,1.290245760286186,2.869546256600032
68,C,20220310,11,0.5001238331972032,1.102084656692259,1.6648371138096973,1.7909906149406725,1.8816509150752965
68,C,20220310,12,1.2291350073536154,1.3152326971816857,1.6268676777031794,1.910272084842473,2.1804130699021496
68,C,20220310,14,0.5794824336657618,2.8566009579022995,2.88466748408497,2.898444044490925,2.9182477267306846
68,C,20220310,15,2.848932688109158,2.89112370693306,2.9250396368895055,2.9586747174892274,2.9855755082039677
68,C,20220310,16,2.366501356073374,2.413992652350747,2.584412722072968,2.7878696403822505,4.137505000105904
68,C,20220310,17,2.4129461737631646,2.4929335843800615,2.5717029580929784,2.8955555704074643,2.9804547895397175
68,C,20220310,18,2.100936717508188,2.2105550321047835,2.4102382556761324,2.6227869865311453,2.8570410898079857
68,C,20220310,19,0.7821536908184756,0.8828501285085546,1.001736375725794,1.2095043797713008,1.3721832554306639
68,C,20220310,20,0.7073237936890114,0.7153584631623373,0.7192104153156224,0.7237483240535123,0.7508704465471139
68,C,20220310,21,0.27174001811327186,3.806462735670563,3.8113915189714005,3.8389622466866,3.8468087144927616
68,C,20220310,22,2.5262935175815624,2.64870987531353,2.816379873219777,3.024132780980073,3.2587604510035746
68,C,20220310,23,2.0419797801166646,2.148783068545735,2.215551563530699,2.4233853369035905,2.4954816487206646
68,C,20220310,24,1.8700047883749487,1.8901664198109742,1.9535958048820166,4.044411467670957,4.108800359437418
68,C,20220310,25,2.629393450524117,2.6440860062632403,2.6710511093942495,3.7319390940193253,6.507683905159471
68,C,20220310,26,1.9201998270043794,1.9841382463513757,2.1928501718036393,2.4046251709428326,2.572275295929816
68,C,20220310,27,1.7455648908943,1.786444399629949,1.8182621937640098,1.860813076097305,1.9107007104799045
68,C,20220310,28,0.4570481726100839,0.4963960552657565,0.5441048282853675,0.5934088739139729,0.636453878722747
68,C,20220310,29,3.759174154860794,3.80354792296234,3.8916084316828634,4.150356815037499,4.202454674572337
68,C,20220310,30,2.9686687533142297,3.0837355069951222,3.1858353373657233,3.2690153809753117,3.4394732145360223
68,C,20220310,31,1.6700986866784264,1.8069068012049578,2.0485556882810627,2.2536367575657352,2.499495485986844
68,C,20220310,32,0.7899593340939649,0.8565735558573501,1.08229385562962,1.2601483893081928,1.5435223848848685
68,C,20220310,33,0.5131806273122498,0.57220513355866,0.7210600963870846,0.788150204820698,2.7875069024721784
68,C,20220310,34,1.0411927158170928,1.0744399023705136,1.1171604838058375,1.22392114140951,1.3061492212831785
68,C,20220310,35,0.366852067340997,0.366852067340997,0.366852067340997,0.366852067340997,0.366852067340997
68,C,20220310,36,0.49150392232233275,4.8728056538554,4.968256430940365,5.116552979332301,6.466350284743552
68,C,20220310,37,4.483664270378348,4.650130998148821,4.774621821298733,5.168415775062758,7.250325998701706
68,C,20220310,38,3.602288350062335,3.648101232690455,3.9607083866625943,4.227489366495979,4.396767459875135
68,C,20220310,39,2.9103694308027084,3.0047583727265175,3.08786077231077,3.457703061581383,3.597907256390397
68,C,20220310,40,1.907194863283421,1.920141706634391,1.9372519635622,2.5769053356444274,3.4957164743940687
68,C,20220310,41,1.9920237081717471,2.06082650472593,2.4582433780695427,2.9062162089954553,3.0160460794466997
68,C,20220310,43,3.927660283627187,3.986354067569537,4.143376351159274,4.192760627567956,4.208795038623225
68,C,20220310,44,3.868005801791641,3.938318411260694,4.077456902595898,4.278414673418769,5.027140399474621
68,C,20220310,45,2.9613489577192564,3.0326093990168275,3.3270325675678527,3.75796039574914,4.130126815120774
68,C,20220310,46,2.161109937753672,2.292935359438249,2.40125660895351,2.5696318481720244,2.7672835427522204
68,C,20220310,47,1.8126322202307694,1.9187612488660455,1.9897131586332373,2.0802930674597713,3.6051654639441333
68,C,20220310,48,1.307238308269868,1.3548757181288038,1.409265855398849,1.7499422406009275,1.9577634623542655
68,C,20220310,50,1.013190900701463,3.450670683016215,3.4930997614567985,3.5506898197812506,3.581068848636386
68,C,20220310,51,3.482646684771046,3.5321093141851287,3.552883310153316,3.5816779246029,4.871194460851847
68,C,20220310,52,3.2165046995400517,3.3621864079093084,3.5531516914473418,3.793207682473271,3.9544192126721223
68,C,20220310,53,3.305655503231123,3.658951613207892,4.624274749899144,4.760294244607847,4.915340233852567
68,C,20220310,54,2.5543767351859215,3.2434363381642255,3.3271658822794654,3.405197242688719,3.4709565698511113
68,C,20220310,55,1.9022178524981852,1.9428682373096946,2.2855696423375575,2.469424803884638,2.7442100028006498
68,C,20220310,56,2.1467004986192775,2.150725217591238,2.1618340499438653,2.1750604436629293,2.186184299856187
68,C,20220310,57,0.44352130228346753,4.713005004280711,4.723873980042655,4.754814802433245,4.781604116553908
68,C,20220310,58,3.5226104082314045,3.5601610068982574,3.803358813676433,4.05970036650999,4.218626363537582
68,C,20220310,59,3.629415300937658,3.6898121976864857,3.836313812985504,3.8640240993791766,6.766982152531817
68,C,20220310,60,2.7402850662509843,2.742279218461026,2.7604896407574486,2.809695867931662,2.862513245817512
68,C,20220310,61,2.226285233895179,2.3144158328682014,2.4382694225284895,2.771572756181633,2.8760476519026925
68,C,20220310,62,1.7374574210253222,1.9128993607718612,1.9955161989691015,2.065097523167815,2.356821473822294
68,C,20220310,63,1.5390622039783985,1.5583194755931935,1.596667393340533,1.657657120599151,1.6908947670561263
68,C,20220310,64,0.4940495326286299,0.5280630468299438,0.5764177622978142,0.6317361476042984,0.67367308514801
68,C,20220310,65,3.084918410069573,3.212549870404305,4.242186904836809,4.449344666553834,4.638619945857354
68,C,20220310,66,2.9362856396289327,3.031250978855655,3.288214486692625,3.618895526109981,3.8643740539932288
68,C,20220310,67,2.6276771582950573,2.7864035657264954,2.9283205323356465,4.035306581637857,4.283370385328104
68,C,20220310,68,2.920109026915996,3.6491606980269347,3.8502122495494993,4.091399258935505,4.286505636374584
68,C,20220310,69,2.135347050234034,2.327979126560445,2.5161818386972374,2.906728792067309,2.9803717779874734
68,C,20220310,70,1.917651805881969,1.9310842168378217,1.9895629446676955,2.0244619945020994,2.046638165719717
68,C,20220310,72,4.13432476425906,4.262535954443334,4.363211606035019,4.425659337299276,4.488501594585858
68,C,20220310,73,3.3932111675657413,3.732827286155953,3.8300907154330415,4.0421388424391065,4.126195364172717
68,C,20220310,74,2.014397302759729,2.2489728653472274,2.5089047787531475,3.2038160357901067,3.3578931142748916
68,C,20220310,75,1.3981321345282824,1.595368812100698,1.8619406756633967,2.9503844557677272,3.0667741444740715
68,C,20220310,76,1.8609605078885765,2.0339009806375863,2.3488015062735825,2.741614727961448,3.6986165158555115
68,C,20220310,77,1.502478570215045,1.524687807370925,1.5549280717959886,1.6965643794194527,1.7937327431692258
68,C,20220310,79,0.37944286896799373,6.493369585909815,6.560651610989277,6.595833546993075,6.617485799688171
68,C,20220310,80,4.0726142011553295,4.510052762403534,4.811940136916012,5.267772742527997,5.606851099612457
68,C,20220310,81,2.8369709132747625,3.035770045568616,3.513497123014459,3.8159630528798125,3.932775681679826
68,C,20220310,82,1.9986664892313462,2.2163065417151033,2.438046555986429,2.6362360286861004,2.8020074819189458
68,C,20220310,83,1.6736607510517634,1.6977444725248896,1.8160858787933432,1.9661978087757326,1.9871484175244465
68,C,20220310,84,2.925244282806805,2.9605515893727525,5.267951117879791,5.286231551341866,5.32646566587181
70,MT,20220324,3,3.2608425161820414,3.402878247673227,4.112391558993584,4.219135607770443,4.306401027277076
70,MT,20220324,4,4.302810392360399,4.562590744031327,4.74257869248856,4.822257147617113,4.8725484476803125
70,MT,20220324,5,3.574120107661436,3.877222459434999,4.218531844547301,4.475697680570715,4.518518040472637
70,MT,20220324,6,2.9090855291802984,3.0513070757880305,3.218490790419382,3.3975335300616103,3.481670401365837
70,MT,20220324,7,2.336608603031752,2.4035355981931765,2.5807201569561586,2.780219122221753,2.836144425168518
70,MT,20220324,8,2.41174545566162,2.483040715708455,2.556780798856382,2.667643199975225,2.6824709283819654
70,MT,20220324,10,4.293796801847074,4.440377214639826,4.595447509657698,4.758270105396534,4.926908227938484
70,MT,20220324,11,5.042759444264375,5.2758229277163355,5.705160489282986,5.914374443759407,6.004541795385677
70,MT,20220324,12,5.5279054090571424,5.665024645626998,5.787351553949151,5.819700312242326,5.864447870403885
70,MT,20220324,13,4.3736307371547065,4.416370314801455,4.533983372544378,5.3060529936052765,5.463154638896305
70,MT,20220324,14,3.3194528905688285,3.5866973761830536,3.9152516920474216,4.135189070327239,4.340068424653076
70,MT,20220324,15,2.7615959790165348,2.945412435247731,3.075595730410157,3.103822754203703,3.146940074086752
70,MT,20220324,16,2.7543550958674907,2.758925319655541,2.7613411043197074,2.7632848423147873,2.7645206412600305
70,MT,20220324,17,0.8759814038958529,0.901019898643597,0.9325721873877958,0.9639684325894733,0.9886324228351665
70,MT,20220324,18,4.275452191999435,4.622071901804655,4.718416581639071,4.8120130952245965,4.865809848175774
70,MT,20220324,19,4.413550983731645,4.717288752960456,4.794575778277712,4.873178961400081,4.938883613324936
70,MT,20220324,20,3.3272518091840637,3.502248098885934,3.7851461864285123,4.057751730759641,4.319635797587438
70,MT,20220324,21,2.2595688898758315,2.4597385816575894,2.592709887144839,2.9131696377260923,2.961672675717583
70,MT,20220324,22,1.974745831103223,2.019326038605073,2.128611270201087,2.2406880038730774,2.9204242702908507
70,MT,20220324,23,3.4015654487267026,3.4410114241777494,3.4920936396618103,3.5115598005826385,3.524589911073453
70,MT,20220324,24,0.8460868150775382,0.8725752962642954,0.905685897747742,0.9408476055826951,0.9689769718506576
70,MT,20220324,25,6.066920246968056,6.098238018318232,6.253528023211745,6.709625854895394,7.271772329661676
70,MT,20220324,26,5.0524686217626025,5.44009457911483,5.583822610976419,5.66115616325429,5.934573763108733
70,MT,20220324,27,5.029788013856616,5.121157686778238,5.236653380976306,5.5456429689732,5.689551652492126
70,MT,20220324,28,3.1183539317496316,3.3743175316132743,3.8442536906323417,4.323150785024791,4.668261441148053
70,MT,20220324,29,2.902249875372251,2.9221214945932656,2.976221259301897,4.058026137292186,4.11113352171402
70,MT,20220324,30,3.005186695734088,3.1585252136087676,3.3648083550661845,3.486970310801909,3.6195122538724043
78,C,20220303,6,3.901784900757761,4.018897131492185,4.3240753228682465,4.367335281044803,4.911381545435807
78,C,20220303,7,3.8429748322821644,4.041486660062966,4.0971490286953625,4.186325541876016,4.288673007087811
78,C,20220303,8,4.081103870035587,4.317208731399191,4.4549124218339795,4.840762622890131,4.996619206238929
78,C,20220303,9,3.409508164435975,3.4808815373786763,3.59248406282795,3.6862925656728804,5.358955922354715
78,C,20220303,10,2.781633903449761,2.9471471722284077,3.189241940789167,3.4177135646261063,3.6464896073660267
78,C,20220303,11,2.2965288653932303,2.3755921275328467,2.486197073986357,2.643264124527511,2.7179822053757468
78,C,20220303,13,4.097847723158103,4.129923132179398,4.143075886494621,4.213060770560311,5.83632303704271
78,C,20220303,14,3.585391649571698,3.733287703813434,3.8966442613237122,4.030486223074289,4.123647850702801
78,C,20220303,15,3.4924991105330894,3.702465196453992,5.073103519927207,5.210021544418409,5.2774242433369
78,C,20220303,16,2.4806359941509695,2.7504774088486825,2.925146518426928,3.176514099052586,3.3678563949857905
78,C,20220303,17,2.3777292547102693,2.3996338874933887,2.5211765913234854,4.4519158096945155,4.844849931904351
78,C,20220303,18,2.4013204762145612,2.428530340649732,2.5024447818769926,2.5934010642529706,2.7352650881418588
78,C,20220303,20,3.255821779861072,3.372977974145205,3.504970465763625,3.608114460517669,3.683281227027987
78,C,20220303,21,3.143098921695834,3.6163245924676537,3.6915909445896293,3.7859310604147804,3.863378339760427
78,C,20220303,22,3.0854462734133854,3.1228372546308383,3.1691342151599433,3.182571805339386,5.608226373774777
78,C,20220303,23,2.4163604295912475,2.443373575469227,3.634853647521219,7.682683837694748,7.771749395467317
78,C,20220303,24,1.850018370256342,1.9437233165127814,2.2147296160307,2.5193322021984454,2.74287974229736
78,C,20220303,25,1.7515653504469315,1.790901552902424,1.8485775038798604,1.869095107277336,1.892203622666591
78,C,20220303,27,5.619813761010356,5.666184671351248,5.690104041160547,5.7375627737844805,5.7794543734569945
78,C,20220303,28,5.563056228892296,5.719270033366244,5.809552809178577,5.87599372645513,5.950634405674908
78,C,20220303,29,4.999334335628036,5.256066099399755,5.440967509427269,5.525274522527089,5.557179266392487
78,C,20220303,30,3.452646390871623,3.732352032491231,3.9702735926359263,4.251740815745239,4.403040514060555
78,C,20220303,31,2.789399505967703,2.8657472778876323,3.056117583561755,3.339217748615402,3.5673423161196913
78,C,20220303,32,3.4923177435092954,3.660557621380547,3.744560776146839,3.9415528147416388,4.0349403570046025
78,C,20220303,33,3.274322154345701,3.2978857468267564,3.331300130953397,3.352985324052607,3.3833060427778117
82,MT,20220316,4,4.674986764947814,4.721410805094026,4.775333785000959,5.41134179597179,5.74205397299562
82,MT,20220316,5,5.1077578768214345,5.291769222787288,5.317095931368106,5.3447950989857835,5.870658673169457
82,MT,20220316,6,3.727786446647679,4.0111306099709285,4.397970157071104,4.6601954490451885,4.973951042246561
82,MT,20220316,7,1.8344294698774424,1.9862978554781556,2.327138473411133,2.7023753043480085,3.103849410550614
82,MT,20220316,8,1.734372683358662,1.8011210109552338,3.109407981608273,3.168599857222839,4.0926731525323135
82,MT,20220316,9,3.0786904106226887,3.1555229087022583,3.185298628673397,3.2124669474352485,3.2251836218745464
82,MT,20220316,11,4.660253912112776,4.71446017095604,4.738264242207316,4.756276222542019,4.784291709470812
82,MT,20220316,12,4.595466301495125,4.6483644791269345,4.721398997071564,4.825283722422888,4.942940764578116
82,MT,20220316,13,3.5638489449855277,3.7324403499735945,4.43190997491091,4.599191068231747,4.641712367788238
82,MT,20220316,14,3.283185470075482,3.3355598894606295,3.551163010101775,3.790334072218735,3.9188745357227623
82,MT,20220316,15,2.708286534937057,2.7661681786250876,2.8729413493214846,3.1611534982036438,3.373495178476908
82,MT,20220316,16,2.5373963645638846,2.554580171183967,2.584080683102102,3.2965832822800145,3.3803488273720133
82,MT,20220316,18,4.315487714693307,4.444008733596738,4.463793351500428,4.472925398567215,4.488267301248027
82,MT,20220316,19,4.507897093116624,4.646089773468,4.6932646710590635,4.726366776790332,4.766405458355014
82,MT,20220316,20,4.159836270833955,4.221915750930883,4.414530754818045,4.515816651508405,4.821015367971563
82,MT,20220316,21,4.22240951875731,4.2864463753059665,4.303963958303902,4.363556295433252,6.40468978981038
82,MT,20220316,22,3.0456036153148154,3.2775289176770688,3.445138557940134,3.714800251790794,4.105059231533569
82,MT,20220316,23,2.442387859965651,2.627555131485354,2.7479128639782995,2.9705090778336616,3.0329542190620162
82,MT,20220316,25,1.2208605003909019,2.545672893172339,2.5725326144448566,2.645617835485872,2.6618466624417985
82,MT,20220316,26,2.6646205884144014,2.672671905519827,2.6885742572060343,2.7153390965403936,2.788283619449424
82,MT,20220316,27,5.09429889674089,5.223223438500224,5.315761595889012,5.457756714360316,5.585790326806795
82,MT,20220316,28,4.78443688164756,4.826818088778452,4.976550914184782,5.402388176041511,5.491893238622034
82,MT,20220316,29,3.7791893813910966,4.0061282806164105,4.350554750148955,4.881042929788009,5.407430968522258
82,MT,20220316,30,3.1418999653107496,3.1775030312442896,3.240490315015431,3.325771020022261,3.410142990662326
82,MT,20220316,31,3.3506597330419265,3.3593310011837483,3.372959941755957,3.383137610619196,3.4376835514251955
83,C,20220307,2,2.81513393400576,2.878018612511941,2.917045737206293,2.945648853426009,2.9933366660787515
83,C,20220307,3,3.022716627024946,3.0956071491869883,3.2913906560079855,3.4529167961605642,3.5588101510439687
83,C,20220307,4,2.2877500799574166,2.506810994124075,2.744171936060554,2.9712599678268474,3.0098204577724816
83,C,20220307,5,1.3628507641043413,1.5057887615656829,1.7624859753650146,2.0254046355064173,2.236917223692204
83,C,20220307,6,0.8460901251195425,0.9997196452198718,1.1902427924001768,1.2553585284837283,1.3078237449477594
83,C,20220307,7,0.765701636506152,1.0245766086149535,1.1297875508666988,1.222719926232344,1.26893030566921
83,C,20220307,8,0.9911975702504396,1.0406935485328648,1.0693832848333715,1.1250659438243789,1.144252899735561
83,C,20220307,9,0.2740020395224986,0.3160264946116035,0.3761068041905725,0.44219656704945065,0.49687048296300196
83,C,20220307,10,1.4823721589308607,1.6838196726497134,2.5826087176651127,2.605328152537823,2.620223094820742
83,C,20220307,11,1.98876714335925,2.1203288805710874,2.3576339398398547,2.4320172791900916,2.577679315970173
83,C,20220307,12,1.2747476348577669,1.3323287394497485,1.5432797902399433,1.771626446129939,1.9603543158144479
83,C,20220307,13,1.2822506983815503,1.757644823479698,1.9068139929695613,2.049964713106979,2.1124807037534628
83,C,20220307,14,0.9953616088874409,1.061554531864731,1.2703044125400493,1.4097135805456658,1.627772732928275
83,C,20220307,15,0.8578684539436483,0.8672869410938611,0.879525778896054,0.9001757909788956,0.9296205384701249
83,C,20220307,16,0.14987300793134306,0.1811761775173018,0.23054580397526933,0.2920371145509415,0.345402260115331
83,C,20220307,17,1.9689040169119774,3.427427653013404,3.7432077230573775,3.799385539857465,3.8292886997233224
83,C,20220307,18,3.7471859005143213,3.8207616112314664,3.9666880059198575,4.072645486570255,4.113260883224742
83,C,20220307,19,3.411565836623437,3.494323296067803,3.5655137764236047,3.723918968627123,3.8794065530683155
83,C,20220307,20,3.0194993482382184,3.0519600260393727,3.1236242856697505,3.316306898435146,3.4493358715652374
83,C,20220307,21,2.7349551353122146,2.7925810724394684,2.9785072990409924,3.023029409778043,3.0612639089530713
83,C,20220307,22,2.432878527637309,2.4556823116228834,2.5542010290168387,2.631253625997352,2.713179450189811
83,C,20220307,24,2.485487570852825,2.627513798071295,2.7305531724479692,2.7683667745262586,2.797973200710746
83,C,20220307,25,2.3660225523310956,2.4051067600146467,2.4313535898653047,2.559189452215638,2.7022560189755223
83,C,20220307,26,2.2133785415390324,2.3419201177779954,2.541506023268112,2.6596163635540795,2.705566424855362
83,C,20220307,27,1.2222175203921914,1.2867956572938528,1.5639225679231104,1.8438796957261017,2.1388541224237794
83,C,20220307,28,0.22435921484629565,0.36928216605517683,0.6467480766980074,0.9213753261323686,1.1048382419702578
83,C,20220307,29,0.04583791814737882,0.06051620810623463,0.08800760786298109,0.13896785234206405,0.517051878303965
83,C,20220307,31,2.8344480236368095,2.969137824984495,3.1577909447551398,3.300805492472295,3.411314076474265
83,C,20220307,32,3.4868820659631257,3.5373333544772065,3.5525428555136482,3.573938122924284,3.6038640331202667
83,C,20220307,33,3.3818532258832894,3.400232758913587,3.4611611302982475,3.521130131271206,3.580829480846475
83,C,20220307,34,2.4794056398368225,2.7135504343877526,2.901592475245171,3.1675026730564255,3.378977682425568
83,C,20220307,35,1.6087097149507317,1.7730419110469635,2.0044660259723424,2.3298888922235705,2.4586834602514407
83,C,20220307,36,1.0059578025208535,1.0499000986030063,1.146824462912373,1.28025201559146,1.4500377105850035
83,C,20220307,37,1.1586025255245556,1.168542513520559,1.1768831411890763,1.180477741806829,1.1811609759410313
83,C,20220307,38,0.2418630599025726,3.0117892625176887,3.097199822699295,3.1194609024040325,3.1878280295031614
83,C,20220307,39,3.265062195023275,3.340897028588042,3.520503954820394,3.6814074563182166,3.79152210163847
83,C,20220307,40,2.551735202293229,2.775963491499795,3.0174580785846663,3.2403274819078725,3.2785748741662872
83,C,20220307,41,1.5886779828276698,1.7491896532446856,2.010298752352615,2.2861925094740507,2.5014982607993606
83,C,20220307,42,1.0033728450530606,1.1733407284138968,1.3900364893866075,1.4613284460671263,1.527182396125117
83,C,20220307,43,0.9140004864682026,1.1646864116829447,1.2133481037295757,1.3370117203794354,1.3873719516177418
83,C,20220307,44,1.0508956822050475,1.1008465448271274,1.1333039491956902,1.1926272514772434,1.2157687797024417
83,C,20220307,45,0.27972397978651486,0.3254304926700797,0.3911559780027585,0.4580844884723271,1.3551970920747256
83,C,20220307,46,1.439953905705998,1.6364289199537783,2.5147280052962024,2.537744343779833,2.551479491689749
83,C,20220307,47,1.9113117057755287,2.038008264594596,2.2780900520095875,2.3578353167026407,2.5073660473557853
83,C,20220307,48,1.2027155686460778,1.261751722126389,1.4643471629049447,1.6925465703099354,1.8842124184874833
83,C,20220307,49,1.2170683327567589,1.7051063404376177,1.850259442292147,1.9875020958904206,2.0501534724264037
83,C,20220307,50,0.9667458919744482,1.025857275309619,1.2308235964656866,1.3643013370678485,1.5765922225883167
83,C,20220307,51,0.8396036288309503,0.8463326873886861,0.8566425161327877,0.8768860187677492,0.9015686175726265
83,C,20220307,52,0.14706564379565606,0.1790236241428106,0.2319351145991948,0.29728070164065895,0.35457668957790484
83,C,20220307,53,3.3638298415017323,3.4707399837001147,3.7726228381886675,3.8284624630350717,3.8577544865259283
83,C,20220307,54,3.7748487702088434,3.848277298394496,3.9964222924196724,4.103977567954329,4.144281011824656
83,C,20220307,55,3.4451823573845406,3.5280456991459026,3.5981533682816256,3.7504564874178827,3.9109802614581177
83,C,20220307,56,3.0488775072884633,3.082615907725404,3.153957212750514,3.34555648381413,3.4816253756964493
83,C,20220307,57,2.7561030374432463,2.815785860321527,3.0050060268201606,3.0502056064143512,3.0883127734797986
83,C,20220307,58,2.4473500133207384,2.468787214988488,2.571188223614034,2.6497666753518567,2.732222863190118
83,C,20220307,60,2.453456783829321,2.5983798832574134,2.698125795427097,2.7422558830812904,2.77129995824743
83,C,20220307,61,2.3243629028247437,2.358991778014997,2.3852743666921197,2.512508112811656,2.6695364849156475
83,C,20220307,62,2.150445604421312,2.2776121219067567,2.486406476803811,2.6026855655666603,2.6498222951983905
83,C,20220307,63,1.1543197076192258,1.215337136850389,1.4904899664398632,1.7786557231890043,2.067698142295194
83,C,20220307,64,0.16804921628817904,0.3027844156314021,0.581652476604062,0.8501979980518206,1.0359747641565038
83,C,20220307,65,0.026640485443337976,0.04842309872923105,0.06210663707398194,0.08302013815301099,0.12589037678363535
84,MT,20220328,7,8.110365942238392,8.13366395847399,8.145799508199897,8.152339911074483,8.159062527306357
84,MT,20220328,8,5.422877149879134,5.507488464511676,5.567043380776062,5.926019611707265,6.103672608920566
84,MT,20220328,9,4.767607455823234,4.969563780994495,5.1353624662332,5.274905835375726,5.40727245646301
84,MT,20220328,10,4.792181092001939,5.357837401011149,5.446891791432978,5.521166633789232,6.041220520527696
84,MT,20220328,11,4.273474362002581,4.355860905822728,4.460037427873941,4.671769335815711,5.82035862441674
84,MT,20220328,12,3.0527105729561894,3.0999100707685137,3.3289866340599747,3.475685334826104,3.5437556749746943
84,MT,20220328,13,5.292587358607407,5.300842721987415,5.310121752439,5.318293610006709,5.323937179961246
84,MT,20220328,14,1.0169830723096223,1.0339125988729028,1.0550745070770036,1.0774445095384522,1.0953405115076114
84,MT,20220328,15,3.2293603847638095,3.2549978587543604,3.29705783922679,3.3682032704467124,3.3907292048802096
84,MT,20220328,16,5.273180181922114,5.314127270414419,6.244048065651161,6.2892626908687514,9.40754734107504
84,MT,20220328,17,3.661474397226747,3.714705058623687,3.8348005892584425,3.86876079511509,4.888476810111994
84,MT,20220328,18,3.704078170147545,3.8399643403137556,4.05569795413385,5.309299700222127,5.498908471868699
84,MT,20220328,19,2.8599507701415114,3.0856837411757176,3.249485359458794,3.446163824522401,3.563899635164413
84,MT,20220328,20,2.4077366780327982,2.4925924108182684,2.52142534995277,2.748136022713966,2.8539169882957474
84,MT,20220328,22,2.9652174437506558,3.0036296188351916,3.016552314134507,3.06587166505073,3.1010779139214186
84,MT,20220328,23,2.87053680843471,2.915588642993386,2.9518051912003593,2.966215324406132,2.983167302453237
84,MT,20220328,24,2.410983736823866,2.6137914339242037,2.685556806609949,2.719666964091216,2.763720488056494
84,MT,20220328,25,4.257908424504288,4.28027622886252,4.320219003410349,7.457147984104942,9.088762705265331
84,MT,20220328,26,2.7006431059260523,2.8194257535287757,4.046697631099085,4.145733345752582,5.092321589359718
84,MT,20220328,27,2.6950316205121365,3.3031379949488144,3.3899874243573778,3.435204691437016,5.468391658472967
84,MT,20220328,29,3.307375603337783,3.4130478747752298,3.4988906653589407,3.5580432204579613,3.5917325392409776
84,MT,20220328,30,3.459728577064432,3.6428166842051395,3.6746666271294104,3.7224927707929636,3.7755135845987375
84,MT,20220328,31,2.9295386969388755,3.028990007539144,3.151331828924255,3.2750906976040106,4.184701892090197
84,MT,20220328,32,3.1811437930453534,3.266534748039502,3.466009395615626,3.6685756195241024,4.414823056141922
84,MT,20220328,33,2.3705979521862313,2.579319059745872,2.8765195538057675,3.065349274353281,3.161998611810903
84,MT,20220328,34,1.8124428011288607,1.8921929408656033,1.9636714700024493,2.1135573388651534,2.2547277989584296
86,C,20220308,5,2.8080981244458023,2.9246009721509,3.1677000708872733,3.5762129848018,3.75335584746201
86,C,20220308,6,3.792026044662421,3.9721228843168794,4.001636427391077,4.025448984220944,4.046132935509786
86,C,20220308,7,3.1502717810047365,3.3627551138082845,3.5753034692852204,3.792987048987019,3.847124316267126
86,C,20220308,8,2.2670079579682345,2.342503098585597,2.485169455234876,2.7947506809918954,3.0260580005855506
86,C,20220308,9,1.6453119173494832,1.6751899792575,1.7844983450568308,1.9974337647284992,2.2366975768447444
86,C,20220308,10,1.562267523096966,1.6196286558820847,1.6381123537419398,1.6628410627499526,1.6923638010155502
86,C,20220308,12,0.754460390317249,2.370279645663157,2.596046755793251,2.7511185042612665,2.825991007465243
86,C,20220308,13,2.779529865749845,2.803412586953872,2.8572218867229022,2.935919082365526,2.9966491953306438
86,C,20220308,14,2.5855937757760925,2.6531427705219426,2.7890045770840297,3.0030531531689455,3.0228975117752412
86,C,20220308,15,2.0069020568101856,2.1339601721338632,2.3318280679663768,2.3980081662901944,2.536155900150474
86,C,20220308,16,1.6314825595512967,1.6881458475355116,1.7508018793541291,1.786771051523422,1.9321736854080334
86,C,20220308,17,1.4501005735243186,1.4849552338867102,1.5461860259781166,1.6332825602003176,1.6721195123893593
86,C,20220308,19,0.6407214202642272,1.838702851827009,1.9968625022650832,2.158916442132085,2.2835995878664015
86,C,20220308,20,2.4110629861784014,2.6676251200640912,2.835029375280145,2.977185789497584,3.030011681900529
86,C,20220308,21,2.2837605071559306,2.3907193757463765,2.636191954383808,2.827913294376107,2.9519728136299346
86,C,20220308,22,1.7012350468841122,1.722481692408246,1.8974114621154268,2.1003790370811637,2.2369339951122913
86,C,20220308,23,1.4856959222926178,1.5135398117997076,1.6532837349884106,1.6716979379270032,1.6931598090328763
86,C,20220308,24,1.4922784332437515,1.5083675679368271,1.638673121928948,1.7555036564001445,1.7798395734844203
86,C,20220308,25,1.8161603948346539,1.8204082225365346,1.8272744861460481,1.8308068136258169,1.838220729615255
86,C,20220308,26,0.6792293612482129,2.950072941608782,2.978297876356458,3.0246061752727047,3.034892935334791
86,C,20220308,27,3.090254272443006,3.4124905058062045,3.8957438051596087,3.9988199836202005,4.066913673099414
86,C,20220308,28,4.152815932370055,4.186651921905715,4.227529146574625,4.250133821994703,4.278814209555359
86,C,20220308,29,3.184720254867671,3.408121253453066,3.6348706656668885,3.94013309913201,4.103235798862198
86,C,20220308,30,2.874156941697004,2.941968227432892,2.9902472675691687,3.0285563077546627,3.1075675806512586
86,C,20220308,31,2.4254509267328417,2.50452195263928,2.625085775975825,2.8349854346517227,2.9764463111227757
86,C,20220308,32,2.266608101297378,2.295734117316167,2.30615914714014,2.3181587421541,2.344277325974432
86,C,20220308,33,0.6506342188024776,0.6927517311763671,0.7416966417991268,0.7881258603124629,0.8248135819009009
86,C,20220308,34,3.129748571513824,3.349501533033742,3.7629568582184802,3.8483732796462746,3.8967899480171897
86,C,20220308,35,3.9901236798962416,4.092284032398099,4.177916732601324,4.301438388992439,4.343484123453405
86,C,20220308,36,3.5749064206767,3.6775780283000623,3.716665336332448,3.816165640569288,3.8899931636958476
86,C,20220308,37,3.1031435121705604,3.1423446986340067,3.204032098471573,3.2637068565653884,3.465062726798403
86,C,20220308,38,2.8149257889784955,3.016827262480596,3.051933521306257,3.1494157483822462,3.1855317639427017
86,C,20220308,39,2.5720526676055644,2.600606666249755,2.6232379718209624,2.7424230078525165,2.7971499714731274
86,C,20220308,41,2.9139408851750126,3.1428155896493406,3.3414902210069624,3.3932113843933176,3.474956381043149
86,C,20220308,42,3.4041277610553666,4.641112821888673,4.957522093157507,5.129238206436482,5.293754675119802
86,C,20220308,43,4.450316569930687,4.520212727832886,4.561223876109208,4.719492601240299,4.93986814767823
86,C,20220308,44,3.3562848096450413,3.4723426506918758,3.65076379804256,3.965333572805581,4.24737192332121
86,C,20220308,45,2.9420502461199067,3.0500352817409677,3.1449627561345306,3.2847844019107315,3.322127264697304
86,C,20220308,46,2.62898809381106,2.6917688788017404,2.7492314645150584,2.785512167239896,2.8596304250540046
86,C,20220308,48,3.1882934670234855,3.3112950667553713,3.3709407320238274,3.4914612801572718,3.521872689574899
86,C,20220308,49,3.5543235065063783,3.6059913343719456,3.8990369277259607,3.988829317133998,4.055598657359919
86,C,20220308,50,3.64241222938181,3.7256360382568436,3.8026432246883246,3.8302881992395816,3.9287112487815996
86,C,20220308,51,3.1573775252969103,3.191807357255536,3.39267707254456,3.643250111801957,3.805774332306857
86,C,20220308,52,3.0321961469125096,3.11028010483664,3.13934252825484,3.1694062955696314,3.19759417280507
86,C,20220308,53,2.2828789972614407,2.4723332278661454,2.518711364811509,2.751562545854193,2.9380932866297513
86,C,20220308,55,0.5977084599352713,0.6824741187521675,3.210730704658412,3.2215846146220417,3.2344441042588565
86,C,20220308,56,3.3209898913571965,3.587460891702156,3.8785313297281907,4.034468961398292,4.137489354678768
86,C,20220308,57,3.994264426634149,4.219093827059839,4.27484442831813,4.30211980299401,4.330938075662228
86,C,20220308,58,3.8526131686252345,3.9802110061399656,4.023055392123895,4.054484426322341,4.076420926414501
86,C,20220308,59,2.9618201240815103,3.030427959869229,3.316818125266992,3.6201653168120025,3.814543498239651
86,C,20220308,60,2.8398424422265967,2.8682923021402735,2.9739192240001793,3.040405079511284,3.053829122286553
86,C,20220308,61,2.921646536156371,2.940447784944325,2.9474218032968427,2.9655017922308198,2.9967055107616423
86,C,20220308,62,0.8105680249611875,2.9598808749423706,3.01966191918505,3.0755233691703068,3.102319899847921
86,C,20220308,63,3.2172633575142684,3.542737970557113,3.573627320975885,3.5986339494578794,3.629268817825189
86,C,20220308,64,3.068660327178667,3.147489442424715,3.205570181601245,3.3213529906575237,3.4520277322866435
86,C,20220308,65,2.7884408088360075,2.809851109516854,2.9027410805470812,2.9550805534477496,3.3153342022939456
86,C,20220308,66,2.9139755426562792,3.293568095925697,3.4227312636371563,3.4972770285857377,3.599306295890004
86,C,20220308,67,3.1361453089629467,3.172688784168663,3.2346594406723694,3.275875954745509,3.469511038751485
86,C,20220308,68,3.218479018651294,3.236064281939723,3.252170297570915,3.2912519671008553,3.3250762964699603
86,C,20220308,69,0.8304001995221237,0.8533587006500345,0.8833506403498014,0.9147015153316169,0.9409214611364444
86,C,20220308,70,2.918841146634032,2.9821365809618543,3.175055581592696,3.264911308111791,3.350508115847652
86,C,20220308,71,3.464070545605467,3.732342364501246,3.827793480973672,3.885567138011587,3.9477528982507324
86,C,20220308,72,3.1070976920370885,3.256338088393549,3.406515744932562,3.537310397279703,3.7404898049157245
86,C,20220308,73,3.14617086903431,3.1779821028118134,3.2353292635765074,3.292910414148806,3.330979226107225
86,C,20220308,74,2.212366647578452,2.4518931575124467,2.675806965283037,2.80624026362238,3.1132689793152277
86,C,20220308,75,2.0059513826657556,2.037546367314043,2.070407117015176,2.112809743179124,2.1849007744874056
86,C,20220308,77,3.337585992412004,3.3934692654664893,3.552444672377143,3.582970334965269,3.6064309648331214
86,C,20220308,78,2.9591571589310717,3.155127153398686,3.3439336325003133,3.492886312972805,3.6053677355606344
86,C,20220308,79,1.804198838223347,2.0616780749348154,2.336914134705574,2.6385522388775184,2.8384160097327884
86,C,20220308,80,0.8554825397953596,0.9357747525493658,1.1389800023702359,1.5074125218530185,1.6746417936900504
86,C,20220308,81,0.5320386881095365,0.5501124098025105,0.6421713920415235,0.8056391238008865,0.8971456150754327
86,C,20220308,82,0.6307550259357795,1.2008954778142238,1.3655369151161003,1.5758169651670433,1.7084708791120105
90,MT,20220314,3,3.186129885363115,3.246155912852229,3.3055502087700037,3.3130195999889716,3.319163146907414
90,MT,20220314,4,3.3075426169360003,3.359073224511163,3.420538727155807,3.7878665230545847,3.8631853607131084
90,MT,20220314,5,2.8465563300433323,2.981847671724772,3.37201586271804,3.4822464082818554,3.7315471913102467
90,MT,20220314,6,1.8918972275676182,2.046527521917629,2.307543286730683,2.703688728767104,2.778260535181418
90,MT,20220314,7,1.8380674092724036,1.8861071360152784,2.1796460700702776,2.3412056539216075,2.4111241998375563
90,MT,20220314,8,1.330621145687365,1.3878153226980716,1.5652090743439215,1.6128565412626998,1.776776514054257
90,MT,20220314,9,1.5388625819650303,1.5843071201129946,1.6345021521606475,1.6730805890211238,1.7045966801864085
90,MT,20220314,10,0.46685115687136314,0.5408647446375165,3.6635169522073388,3.6680071238776986,3.6742360483638405
90,MT,20220314,11,3.604130680413947,3.6439931348001426,3.734499826965399,3.7693278041333533,3.796215982187448
90,MT,20220314,12,3.9705861049772886,4.113212986945708,4.387517088753297,4.494796170399718,4.523979495957914
90,MT,20220314,13,3.0177318042550274,3.2148470531121873,3.409717015231972,3.6812725313360204,3.956357137505091
90,MT,20220314,14,2.9827890690467944,3.0355323853960128,3.071294413357341,3.1019941361744943,3.186264472337096
90,MT,20220314,15,2.836472851820364,3.048445887584962,3.266264860073802,3.38703393964905,3.4690085289499355
90,MT,20220314,16,2.5417743023036876,2.5964899434805475,2.639603493918155,2.7792070670416837,2.8198734521811657
90,MT,20220314,17,0.4923015010326653,0.511007381775316,0.5341876831397525,0.5582243713912198,0.5789855806627446
90,MT,20220314,18,3.6413730951360943,3.7666388658456906,3.918135938400046,3.9525173432990135,3.9844725233188365
90,MT,20220314,19,3.7554137568957895,3.832386752398552,4.444833644958287,4.653336866239353,4.731331214771073
90,MT,20220314,20,3.1963603259899256,3.5427689340752564,3.936582803243496,4.381884886564803,4.616953342760157
90,MT,20220314,21,1.9931722130319995,2.342977549187136,2.5635839468184427,2.851849788684296,3.0963048043847192
90,MT,20220314,22,1.2274244962385572,1.3434785858485303,1.3922651508707216,1.5734121187688577,1.8593749845836038
90,MT,20220314,23,1.081729406919111,1.0895891677577185,1.135849225550746,1.1831492084581436,1.1924262703218358
90,MT,20220314,25,1.0444965758524212,4.582774160477329,4.643444692036654,4.701978215675481,4.7645096282602
90,MT,20220314,26,3.837605538836424,3.968208771679773,4.205082276992373,4.251000251325277,4.3560851398051
90,MT,20220314,27,3.2512126069878535,3.5304087231642574,3.7427876748953475,3.868844021463879,3.914451249329585
90,MT,20220314,28,1.9879477817802633,2.289311802792697,2.6258324340015156,2.829161774732277,3.096685990543959
90,MT,20220314,29,1.6187224072541153,1.7692748839773507,1.8678162455509013,2.0343188997893358,2.075145666918442
90,MT,20220314,30,1.904796809232234,1.9467698674057599,2.053038045440999,2.1065345833181994,2.2342456914079936
91,C,20220223,6,15.52165003086976,15.587265104657002,15.73404185068998,15.77034585008025,15.818069016804813
91,C,20220223,7,15.283588672744912,15.721853706619793,15.899554429025457,15.969184274200515,16.00830237307738
91,C,20220223,8,14.03169737159078,14.164353912536969,14.364510130762321,14.827040398099115,15.152417300626325
91,C,20220223,9,14.6288296522592,14.670676499925696,14.71014108992417,14.79688728142867,14.84726142916747
91,C,20220223,11,15.062467959277575,15.117123532896926,15.153923726397746,15.213136938349656,15.281122750382657
91,C,20220223,12,15.364022967370891,15.509212320331887,15.681233282418146,15.806034744618643,15.872071170754554
91,C,20220223,13,12.618183226394018,12.636407718836374,12.799583033926279,12.990415202135539,13.096808816103177
91,C,20220223,14,12.58350488089639,12.603108371721184,14.816112140807792,15.069942430040864,15.716167238420788
91,C,20220223,15,15.012763819806436,15.01332474698707,15.013458121258564,15.01404203681368,15.613693448299728
91,C,20220223,16,14.88922739197552,14.911453326255574,14.956227350190611,15.058054066330902,15.78077912155911
91,C,20220223,17,14.742404395554733,14.946733918290192,16.21893403347225,16.358388760357542,16.402660836829273
91,C,20220223,18,15.75939766696047,15.882626947270312,15.944849144161276,16.642885196213843,16.795291919288417
91,C,20220223,19,14.505914639114044,14.567701889597835,14.93924185395381,15.122962321073167,15.201832420652627
91,C,20220223,20,13.415676709945295,13.518257076078509,13.586692171351288,14.555433123566937,14.6701625737469
91,C,20220223,21,12.57997942964132,13.778068081121623,14.30411933432547,15.289803642662246,15.313610056007274
91,C,20220223,22,12.437198949130151,12.501137291819752,13.845139691352088,13.904887988792215,13.962293599764354
91,C,20220223,23,8.793599883100892,8.816246027338174,8.850403946704127,8.875913798887915,18.613531163613885
91,C,20220223,24,9.096172338204525,9.137794735559396,9.176772835902673,15.193764530792821,15.206585378383641
91,C,20220223,25,7.293600109438373,7.377460124295416,7.6633444195016365,8.37033388436873,8.48189627245625
91,C,20220223,26,6.931135475127262,7.058847024636686,7.301957386509834,7.35152582814422,7.378522881200794
91,C,20220223,28,12.835753677131011,12.855314001641826,12.886008665240325,12.898832733013368,12.910875303737761
91,C,20220223,29,12.660295495259799,12.798252497509559,12.862649745451721,12.94220182622212,13.003604894059226
91,C,20220223,30,12.63150417053703,12.689916500096249,12.783238373836712,12.9556830082081,12.99841078961171
91,C,20220223,31,11.193270253972402,11.267308167293676,12.590727246479837,12.60997924526769,15.85881904897702
91,C,20220223,32,12.290198915008908,12.57448012670141,13.043747973003414,13.537351317559118,13.621096088985169
91,C,20220223,33,11.556665583790092,12.934585612362893,12.972898199232443,13.001119542866022,13.011781959105646
91,C,20220223,34,3.5698949776571243,3.5698949776571243,3.5698949776571243,3.5698949776571243,3.5698949776571243
91,C,20220223,35,14.282278054679857,14.305130281939672,14.331084554774513,14.36082590909887,14.367307848854963
91,C,20220223,36,10.387664928028158,10.62246674337378,10.656158993562055,10.74559206170331,16.887775549880786
91,C,20220223,37,11.892653519678184,12.237664455779456,12.743444461539461,12.785166606659033,14.046520440250857
91,C,20220223,38,9.171012275602038,10.186605911571858,10.251976381512332,10.62617530975225,10.71446886251531
91,C,20220223,39,9.92001251616247,10.167871405506709,10.295663342965168,10.419150418054926,13.320267988905325
91,C,20220223,40,8.861469973485494,10.165740076627031,10.211817420248622,11.912221359274115,12.784630478456197
91,C,20220223,41,7.890904912087905,8.031114694247377,8.29618742932593,8.446956925315046,8.769345196117545
91,C,20220223,42,6.814661281868431,6.957498307042747,7.283267712652426,7.5721980109517935,7.755618248616227
91,C,20220223,43,5.951077839471267,6.095785321422606,6.290298718911037,6.576302633288766,6.755092770766931
91,C,20220223,44,4.995752974553772,5.1262217717922,5.357046089215768,5.6991085149793665,5.928096916399415
91,C,20220223,45,4.101161683865245,4.816134800671287,4.91580522126662,4.94308623984664,4.982447693346949
91,C,20220223,46,3.4367458406471383,3.519442134492789,3.6756400169952976,3.8252216497497953,3.9494572264653134
91,C,20220223,47,4.0942392958204055,4.360759765238768,4.628453505435181,5.209956159120702,5.426409918213598
91,C,20220223,49,9.037846422206096,9.142423287828422,9.222038337016269,9.379719136290086,9.514690716426733
91,C,20220223,50,9.598539343978556,10.329886817229298,10.4922103607507,10.637346069174471,10.852143509734654
91,C,20220223,51,13.08438708551989,13.197345587992611,13.261279931683367,13.345322294356597,14.597501945466256
91,C,20220223,52,6.757840853164133,7.623362360556801,11.929690677632937,12.313466828439273,12.365197488411678
91,C,20220223,53,6.709570965004525,7.030227624518932,7.313356356104354,7.589916296983681,7.65870762277502
91,C,20220223,54,5.379274909035849,5.5816945460515175,5.868956760633244,6.141309255323025,6.5247497162647035
91,C,20220223,55,4.651727118942928,4.685305326121515,4.839088116687281,5.089812137922517,5.304459183435342
91,C,20220223,56,4.527130934961228,4.549978582631752,4.657212897107156,6.637830457945238,6.657398043671954
91,C,20220223,57,4.175539846744565,4.336410034292042,4.56877716051579,4.702863588452489,4.758232772229172
91,C,20220223,58,3.9837597007500163,4.002778912369663,4.0330775039791975,4.1021875564430506,4.141172728570693
91,C,20220223,59,6.797845675746995,7.093998216103557,7.436905808895347,7.543775332780608,8.572373076951823
91,C,20220223,60,6.706760706330283,6.733499646475007,8.58957045765274,8.82744817666806,9.299606842767416
